Dept,Name
ASMG,QV-ASMG-NLA01
ASMG,QV-ASMG-NLA02
ASMG,QV-ASMG-NPC03
ASMG,QV-ASMG-NPC04
ASMG,QV-ASMG-NPC05
ASMG,QV-ASMG-NPC07
ASMG,QV-ASMG-NPC08
ASMG,QV-ASMG-NPC06
ASMG,QV-ASMG-NPC10
ASMG,QV-ASMG-NPC13
ASMG,QV-ASMG-NPC14
ASSY1,QV-ASSY1-NPC02
ASSY1,QV-ASSY1-NPC23
ASSY1,QV-ASSY1-NPC100
ASSY1,QV-ASSY1-NPC06
ASSY1,QV-ASSY1-NPC07
ASSY1,QV-ASSY1-NPC43
ASSY1,QV-ASSY1-NPC24
ASSY1,QV-ASSY1-NPC33
ASSY1,QV-ASSY1-NPC08
ASSY1,QV-ASSY1-NPC09
ASSY1,QV-ASSY1-NPC04
ASSY1,QV-ASSY3-NPC035
ASSY2,QV-ASSY2-NPC04
ASSY2,QV-ASSY2-NPC24
ASSY2,QV-ASSY2-NPC27
ASSY2,QV-ASSY2-NPC28
ASSY2,QV-ASSY2-NPC32
ASSY2,QV-ASSY2-NPC33
ASSY2,QV-ASSY2-NPC34
ASSY2,QV-ASSY2-NPC44
ASSY2,QV-ASSY2-NPC52
ASSY2,QV-ASSY2-NPC53
ASSY2,QV-ASSY2-NPC60
CRG PEQA,QV-CRGPEQA-PC01
CRG PEQA,QV-CRGPEQA-PC02
CRG PEQA,QV-CPQA-NPC03
CRG PEQA,QV-CPEQA-NPC01
DMT,QV-DMT-NPC05
DMT,QV-DMT-NPC08
DMT,QV-DMT-NPC04
DMT,QV_DMT_NPC006
DMT,QV-DMT-NPC001
DMT,QV-DMT-NPC02
DMT,QV-DMT-NPC007
DMT,QV-DMT-NPC03
DMT,QV-DMT-NPC09
FAC,WASTEDISPOSAL02
FAC,WASTEDISPOSAL03
FAC,WASTEDISPOSAL05
FAC,WASTEDISPOSAL06
FAC,WASTEDISPOSAL01
FAC,WASTEDISPOSAL04
FAC,WASTEDISPOSAL07
FAC,QV-FAC-NPC01
FAC,QV-FAC-NPC02
FAC,QV-FAC-NPC03
FAC,QV-FAC-NPC04
FAC,BMS-FAC
FAC,QVFAC-PC01
FAC,QV-FAC-NPC-BMS2
HRGA,QV-HRGA-GATE6
HRGA,QLIB2
HRGA,QV-HRGA-GATE1
HRGA,QLIB1
HRGA,QV-HRGA-NLA01
HRGA,QV-HRGA-NLA07
HRGA,QV-HRGA-NLA09
HRGA,RICE15
HRGA,QV-HRGA-NLA06
HRGA,RICE7
HRGA,QV-HRGA-GATE2
HRGA,QV-HRGA-GATE3
HRGA,PC-HRGA-NPC03
HRGA,QHP7
HRGA,QV-HRGA-NPC01
HRGA,QV-HRGA-NSEC01
HRGA,QV-HRGA-NSEC02
HRGA,QV-HRGA-GATE5
HRGA,QV-HRGA-NLA02
HRGA,QV-HRGA-GATE4
HRGA,QV-HRGA-GATE7
HRGA,QV-HRGA-NLA04
HRGA,UNIFORM1
HRGA,QV-HRGA-NPC03
HRGA,QV-HRGA-NLA10
HRGA,QV-HRGA-NLA08
LOG,QV-LOG-NTA01
LOG,QHK-LOG4
LOG,QHK-LOG3
LOG,QV-LOG-NTA02
LOG,QHK-LOG6
LOG,QHK-LOG1
LOG,QHK-LOG10
LOG,QHK-LOG2
LOG,QHK-LOG5
MFE1,QV-MFE-CIMA1
MFE1,QV-MFE-NPC02
MFE1,QV-MFE-NPC05
MFE1,QV-MFE-NPC06
MFE1,QV-MFE-NPC07
MFE1,QV-MFE-NPC08
MFE1,QV-MFE-NPC10
MFE1,QV-MFE-NPC12
MFE1,QV-MFE-NPC13
MFE1,QV-MFE-NPC14
MFE1,QV-PDE-BACKUP-JIG NW
MO&MS ,QV-MO-CMM01
MO&MS ,QV-MO-CMM02
MO&MS ,QV-MO-CMM03
MO&MS ,QV-MO-CMM04
MO&MS ,QV-MO-NLA01
MO&MS ,QV-MO-NLA02
MO&MS ,QV-MO-NLA03
MO&MS ,QV-MO-NLA04
MO&MS ,QV-MO-NLA05
MO&MS ,QV-MO-NPC01
MO&MS ,QV-MO-NPC02
MO&MS ,QV-MO-NPC03
MO&MS ,QV-MO-NPC04
MO&MS ,QV-MO-NPC05
MO&MS ,QV-MO-NPC06
MO&MS ,QV-MO-NPC07
MO&MS ,QV-MO-NPC08
MO&MS ,QV-MO-NPC09
MO&MS ,QV-MO-NPC10
MO&MS ,QV-MO-NPC11
MO&MS ,QV-MO-NPC12
MO&MS ,QV-MO-NPC13
MO&MS ,QV-MO-NPC14
MO&MS ,QV-MO-NPC15
MO&MS ,QV-MO-NPC16
MO&MS ,QV-MO-NPC17
MO&MS ,QV-MO-NPC18
MO&MS ,QV-MO-NPC19
MO&MS ,QV-MO-NPC20
MO&MS ,QV-MO-NPC21
MO&MS ,QV-MO-NPC22
MO&MS ,QV-MO-NPC23
MO&MS ,QV-MO-NPC24
MO&MS ,QV-MO-NPC25
MO&MS ,QV-MO-NPC26
MO&MS ,QV-MO-NPC27
MO&MS ,QV-MO-NPC28
MO&MS ,QV-MO-NPC29
MO&MS ,QV-MO-NPC30
MO&MS ,QV-MO-NPC31
MO&MS ,QV-MO-NPC32
MO&MS ,QV-MO-NPC33
MO&MS ,QV-MO-NPC34
MO&MS ,QV-MO-NPC35
MO&MS ,QV-MO-NPC36
MO&MS ,QV-MO-NPC37
MO&MS ,QV-MO-NPC38
MO&MS ,QV-MO-NPC39
MO&MS ,QV-MO-NPC40
MO&MS ,QV-MO-NPC41
MO&MS ,QV-MO-NPC42
MO&MS ,QV-MO-NPC43
MO&MS ,QV-MO-NPC44
MO&MS ,QV-MO-NPC45
MO&MS ,QV-MO-NPC46
MO&MS ,QV-MO-NPC47
MO&MS ,QV-MO-NPC50
MO&MS ,QV-MO-NPC51
MO&MS ,QV-MO-NPC52
MO&MS ,QV-MO-NPC53
MO&MS ,QV-MO-NPC54
MO&MS ,QV-MO-NPC55
MO&MS ,QV-MO-NPC56
MO&MS ,QV-MO-NPC57
MO&MS ,QV-MO-NPC58
MO&MS ,QV-MO-NPC59
MO&MS ,QV-MO-NPC60
MO&MS ,QV-MO-NPC61
MO&MS ,QV-MO-NPC62
MO&MS ,QV-MO-NPC63
MO&MS ,QV-MO-NPC64
MO&MS ,QV-MO-NPC65
MO&MS ,QV-MO-NPC66
MO&MS ,QV-MO-NPC67
MO&MS ,QV-MO-NPC68
MO&MS ,QV-MO-NPC69
MO&MS ,QV-MO-NPC70
MO&MS ,QV-MO-NPC71
MO&MS ,QV-MO-NPC72
MO&MS ,QV-MO-NPC73
MO&MS ,QV-MO-NPC74
MO&MS ,QV-MO-NPC75
MO&MS ,QV-MO-NPC76
MO&MS ,QV-MO-NPC99
MO&MS ,QV-MO-NT01
MO&MS ,QV-MO-NT02
MO&MS ,QV-MO-NT03
MO&MS ,QV-MO-SV02
MO&MS ,QV-MO-SV03
MO&MS ,QV-MO-SV04
MO&MS ,QV-MO-SV05
MO&MS ,QV-MS-MS2D01
MO&MS ,QV-MS-NLA01
MO&MS ,QV-MS-NPC01
MO&MS ,QV-MS-NPC02
MO&MS ,QV-MS-NPC03
MO&MS ,QV-MS-NPC04
MO&MS ,QV-MS-NPC05
MO&MS ,QV-MO-NPC77
MO&MS ,QV-MO-NPC78
MQA1,QV-MQA-PC11
MQA1,QV-MQA-PC12
MQA1,QV-MQA-NPC01
MQA1,QV-MQA-NPC02
MQA1,QV-MQA-NPC03
MQA1,QV-MQA-NPC04
MQA1,QV-MQA-NPC05
MQA1,QV-MQA-NPC06
MQA1,QV-MQA-NPC07
MQA1,QV-MQA-NPC08
MQA1,QV-MQA-NPC09
MQA1,QV-MQA-NPC10
MQA1,QV-MQA-NPC14
MQA1,QV-MQA-NPC15
MQA1,QV-MQA-NPC16
MQA1,QV-MQA-NPC17
MQA1,QV-MQA-NLA01
MQA2,QV-MQA2-NPC01
PCB,QV-PCB-NPC-BAE8
PCB,QV-PCB-NPC-BAE7
PCB,QV-PCB-NPC-BAE6
PCB,QV-PCB-NPC-BAE1
PCB,QV-PCB-NPC-VI1
PCB,QV-PCB-NLA02
PCB,QV-PCB-NPC-BAE2
PCB,QV-PCB-NPC-BAE9
PCB,QV-PCB-NLA-BAE5
PCB,QV-PCB-NPC-VI2
PCB,QV-PCB-NPC30
PCB,QV-PCB-NLA03
PCB,QV-PCB-NLA-BAE4
PCB,QV-PCB-NPC26
PCB,QV-PCB-NPC24
PCB,QV-PCB-NPC-TECH
PCB,QV-PCB-NPC31
PCB,QV-PCB-NPC47
PCB,QV-PCB-NPC35
PCB,QV-PCB-NPC28
PCB,QV-PCB-NPC29
PCB,QV-PCB-NPC46
PCB,QV-PCB-NPC50
PCB,QV-PCB-NPC51
PCB,QV-PCB-NPC52
PCB,QV-PCB-NPC53
PDC2,QV-PDC2-NPC01
PDC2,QV-PDC2-NPC02
PDC2,QV-PDC2-NPC024
PDC2,QV-PDC2-NPC03
PDC2,QV-PDC2-NPC04
PDC2,QV-PDC2-NPC05
PDC2,QV-PDC2-NPC06
PDC2,QV-PDC2-NPC07
PDC2,QV-PDC2-NPC08
PDC2,QV-PDC2-NPC09
PDC2,QV-PDC2-NPC10
PDC2,QV-PDC2-NPC11
PDC2,QV-PDC2-NPC12
PDC2,QV-PDC2-NPCM031
PDC2,QV-PDC2-NPCM034
PDC2,QV-PDC2-NPCM037
PDC2,QV-PDC2-NPCM039
PDC2,QV-PDC2-NPCM040
PDC2,QV-PDC2-NPCM041
PDC2,QV-PDC2-NPCM042
PDC2,QV-PDC2-NPCM043
PDC2,QV-PDC2-NPCM044
PDC2,QV-PDC2-NPCM045
PDC2,QV-PDC2-NPCM046
PDC2,QV-PDC2-NPCM13
PDC2,QV-PDC2-NPCM14
PDC2,QV-PDC2-NPCM15
PDC2,QV-PDC2-NPCM-16
PDC2,QV-PDC2-NPCM17
PDC2,QV-PDC2-NPCM18
PDC2,QV-PDC2-NPCM19
PDC2,QV-PDC2-NPCM20
PDC2,QV-PDC2-NPCM21
PDC2,QV-PDC2-NPCM22
PDC2,QV-PDC2-NPCM23
PDC2,QV-PDC2-NPCM25
PDC2,QV-PDC2-NPCM27
PDC2,QV-PDC2-NPCM32
PDC2,QV-PDC2-NPCM35
PDC2,QV-PDC2-NPCM38
PE1,QV-PE1-NLA01
PE1,QV-PE1-NLA02
PE1,QV-PE1-NLA03
PE1,QV-PE1-NLA04
PE1,QV-PE1-NLA05
PE1,QV-PE1-NPC03
PE1,QV-PE1-NPC04
PE1,QV-PE1-NPC05
PQA,COMMET PC 7D NO1
PQA,QV-PQA-NPC059
PQA,QV-PQA-NPC137
PQA,QV-PQA-NPC139
PQA,QV-PQA-NPC0216
PQA,QV-PQA-NLA01
PQA,QV-PQA-NPC117
PQA,QV-PQA-NPC118
PQA,QV-PQA-NPC0217
PUC,QV-PUC-NLA01
PE2,QV-PE2-NLA019
PE2,QV-PE2-NLA07
PE2,QV-PE2-NPC027
PE2,QV-PE2-NPC024
PE2,QV-PE2-NPC025
PE2,QV-PE2-NPC018
PE2,QV-PE2-NPC026
PE2,QV-PE2-NPC016
PE2,QV-PE2-NPC21
PE2,QV-PE2-NPC01
PE2,QV-PE2-NPC20
IT,CQV-CAD-ASMG01
IT,CQV-CAD-ASMG02
IT,CQV-CAD-CRG01
IT,CQV-CAD-MIP01
IT,CQV-CAD-MIP02
IT,CQV-CAD-MIP03
IT,CQV-CAD-NX01
IT,CQV-CAD-NX02
IT,CQV-CAD-NX03
IT,CQV-CAD-NX04
IT,CQV-CAD-NX05
IT,CQV-CAD-NX06
IT,CQV-CAD-NX07
IT,CQV-CAD-NX08
IT,CQV-CAD-NX09
IT,CQV-CAD-NX10
IT,CQV-CAD-NX11
IT,CQV-CAD-NX12
IT,CQV-CAD-NX13
IT,CQV-CAD-NX14
IT,CQV-CAD-NX15
IT,CQV-CAD-NX16
IT,CQV-CAD-NX17
IT,CQV-CAD-NX18
IT,CQV-CAD-NX19
IT,CQV-CAD-NX20
IT,CQV-CAD-NX21
IT,CQV-CAD-NX22
IT,CQV-CAD-NX23
IT,CQV-CAD-NX24
IT,CQV-CAD-NX25
IT,CQV-CAD-NX26
IT,CQV-CAD-NX27
IT,CQV-CAD-NX28
IT,CQV-CAD-NX29
IT,QV-IT-NPCM03
IT,QV-IT-NPCM01
IT,QV-IT-NPCM02
IT,QV-IT-NTA01
IT,QHK-CRG1
IT,QHK-CRG2
IT,QHK-STR1
IT,QHK-STR10
IT,QHK-STR2
IT,QHK-STR31
IT,QHK-STR4
IT,QHK-STR45
IT,QHK-STR5
IT,QHK-STR6
IT,QHK-STR8
IT,QHK-STR9
IT,QV-HRGA-PC03
IT,QV-HRGA-PC05
IT,QV-HRGA-PC10
IT,QV-HRGA-PC11
IT,QV-IT-NLA01
Check,QHK-THIN08
CHECK,QV-FAC-NPC06
CHECK,QV-ASMG-NPC11
CHECK,QHK-THIN06
CHECK,IT-SPARE
CHECK,QHK-THIN07
CHECK,QV-FAC-NPC05
CHECK,QV-IT-SCAN013
CHECK,QV-ASSY3-NPC35
CHECK,QC-MO-NPC06
CHECK,QV-MO-SV01-VM
CHECK,QV-MO-SV02-VM
CHECK,QV-MO-SV03-VM
CHECK,QV--MO-NPC08
CHECK,QV--MO-NPC10
CHECK,QV-MO-NPC79
CHECK,QV-MQA-NPC13
CHECK,QV-PQA-NPC109
CHECK,QV-PQA-NPC0122
CHECK,QV-HRGA-NPC17
CHECK,QV-MMAGNETG2
CHECK,QV-PDC2-NPCM34
CHECK,QV-HRGA-NPC16
CHECK,QV-PCB-NPC03
CHECK,QV-PCB-NPC02
CHECK,QV-PCB-NPC07
CHECK,QV-PCB-NPC06
CHECK,QV-PCB-NPC05
CHECK,QV-PCB-NPC11
CHECK,CQV-VRPA-NPC03
CHECK,QHR-HYPER
CHECK,QV-FAC-NPC09
CHECK,QV-LIBRARY1
CHECK,QV-FAC-NPC08
CHECK,QV-PDC2-NPCM16
CHECK,QV-ASMG-NPC09
CHECK,QV-ASMG-NPC30
CHECK,QHK-THIN09
CHECK,QHK-THIN05
CHECK,QV-IT-SCAN016
CHECK,QV-ASMG-NPC02
CHECK,QV-FAC-NPC07
CHECK,QV-IT-JPC01
CHECK,QV-ASSY1-NPC53
CHECK,QV-MFE-NPC15
CHECK,QV-ASMG-NPC15
CHECK,QV-IT-SCAN005
CHECK,QV-PCB-NPC01
CHECK,QV-HRGA-NPC13
CHECK,QV-PCB-NPC04
CHECK,QV-FAC-NPC13
CHECK,PC-HRGA-NPC06
CHECK,QV-DMT-NPC006
CHECK,PC-HRGA-NPC02
check,QV-IT-SCAN025
CHECK,QV-MT-01
CHECK,QV-MT-02
CHECK,QV-MT-03
CHECK,QV-MT-04
CHECK,QV-MT-05
CHECK,QV-MT-06
CHECK,QV-MT-07
CHECK,QV-MT-08
CHECK,QV-MT-09
CHECK,QV-MT-10
CHECK,QV-HRGA-NPC09
CHECK,QV-HRGA-NPC08
CHECK,QV-HRGA-NPC07
CHECK,QV-HRGA-NPCM03
CHECK,DESKTOP-DVBVDQ8
CHECK,DESKTOP-HASKTLN
CHECK,DESKTOP-J7D31H2
CHECK,QV-ASSY1-NPC01
CHECK,QV-IT-SCAN014
CHECK,PC-HRGA-NPC05
CHECK,QV-FAC-NPC10
CHECK,QV-HRGA-NLA05
CHECK,QV-HRGA-NPC06
CHECK,QV-HRGA-NPC11
CHECK,QV-HRGA-NPC10
CHECK,QV-FAC-BMS01
CHECK,CQV-RGS
CHECK,QV-HRGA-NLA03
CHECK,QV-PDC2-NPC21
CHECK,QV-HRGA-MCTU1
CHECK,QV-FAC-NPC12
CHECK,QV-FAC-NPC11
CHECK,QV-FAC-NPC02-BR
CHECK,QV-PQA-NPC0118
CHECK,QV-PE2-NLA05
CHECK,QV-IT-SCAN006
CHECK,QV-GRGA-NPCM15
CHECK,QV-IT-SCAN008
CHECK,QV-IT-SCAN028
CHECK,QV-HRGA-NPCM05
CHECK,QV-HRGA-NPCM15
CHECK,QV-IT-SCAN020
CHECK,QV-IT-SCAN015
CHECK,QV-IT-SCAN009
CHECK,QV-IT-SCAN022
CHECK,QV-IT-SCAN017
CHECK,QV-IT-SCAN012
CHECK,QV-IT-SCAN007
CHECK,QV-ASSY2-NPCM01
CHECK,QV-ASSY2-NPCM02
CHECK,QV-HRGA-NPC05
CHECK,QV-HRGA-NPC02
CHECK,QV-PDC2-NPCM019