ab,PC Name
ACC,QACC15
ACC,QACC8
ACC,QACC12
ACC,QACC14
ACC,QACC7
ACC,QACC10
ACC,QACC35
ACC,QACC24
ACC,QACC27
ACC,QACC26
ACC,QACC4
ACC,QACC16-BR
ASMG,QASM8
ASMG,QASO19
ASMG,QASO22
ASMG,QASM42
ASMG,QASM23
ASMG,QASM25
ASMG,QASM7
ASMG,QASM55
ASMG,QASM56
ASMG,QASM16
ASMG,QASM51
ASMG,QASM13
ASMG,QASM45
ASMG,QASM26
ASMG,QASM44
ASMG,QASM29
ASMG,QASM35
ASMG,QASM57
ASMG,QASM39
ASMG,QAST6
ASMG,QASM46
ASMG,QASM58
ASMG,QASM5
ASMG,QASM2
ASMG,QASM43
ASMG,QASO2
ASMG,QASM18
ASMG,QASM17
ASMG,QASM62
ASMG,QASM12
ASMG,QASM11
ASMG,QASM22
ASMG,QAST29
ASMG,QASM10
ASMG,QASM9
ASMG,QASM3
ASMG,QASM24
ASMG,QASM54
ASMG,QASM40
ASMG,QASM31
ASMG,QASM53
ASMG,QASM14
ASMG,QASM48
ASMG,QASM21
ASMG,QASM27
ASMG,QASM4
ASMG,QASO4
ASMG,QAST12
ASMG,QASO18
ASMG,QPDE30
ASMG,QPDE32
ASMG,QASO5
ASMG,QMFE9
ASSY1,QASM6
ASSY1,QASO1
ASSY1,QASO10
ASSY1,QASO13
ASSY1,QASO14
ASSY1,QASO20
ASSY1,QASO24
ASSY1,QASO25
ASSY1,QASO6
ASSY1,QASO7
ASSY1,QASO9
ASSY1,QASO27
ASSY1,QASM63
ASSY1,QASM64
ASSY1,QASM65
ASSY1,QASM66
ASSY1,QASM67
ASSY1,QASM68
ASSY1,QASO29
ASSY1,QASO30
ASSY2,QAST21
ASSY2,QAST32
ASSY2,QAST2
ASSY2,QAST3
ASSY2,QPL11
ASSY2,QAST7
ASSY2,QAST25
ASSY2,QAST17
ASSY2,QAST13
ASSY2,QAST5
ASSY2,QAST4
ASSY2,QAST23
ASSY2,QAST31
ASSY2,QAST30
ASSY2,QAST9
ASSY2,QAST19
ASSY2,QAST24
ASSY2,QAST33
ASSY2,QAST28
ASSY2,QAST1-BR
ASSY2,QAST10
ASSY2,QAST15
ASSY2,QAST34
ASSY2,QAST35
ASSY3,QASO3
ASSY3,QASO28
ASSY3,QAST11
ASSY3,QAST8
ASSY3,QAST27
ASSY3,QASO16
ASSY3,QASO15
ASSY3,QASO8
ASSY3,QASO11
ASSY3,QASO26
ASSY3,QASO23
ASSY3,QASO31
ASSY3,QASO32
ASSY3,QASO33
CEP,QPUR89
CEP,PS17
CEP,QPUR3
CEP,QPUR25
CEP,QPUR22
CEP,QPUR5
CEP,QPUR92
CEP,QPUR73
CEP,QPUR78
CEP,QPUR35
CEP,QPUR74
CEP,QPUR50
CEP,QPUR27
CEP,QPUR65
CEP,QPUR58
CEP,QPUR53
CEP,QPUR91
CEP,QPUR66
CEP,QPUR82
CEP,QPUR32
CEP,QPUR56
CEP,QPUR33
CEP,QPUR97
Check,QPE-SP09
CIMS,QPL17
CIMS,QPID1
CIMS,QPL14
CIMS,QEMG1
CIMS,QPL6
CIMS,QASM47
CIMS,QAST26
CIMS,QPDE7
CIMS,QCIMS-BR01
CIMS,QASM49
CIMS,QPL8
CIMS,QPL16
CIMS,QASM19
CIMS,QPL12
CIMS,QASO12
CIMS,QPL18
CIMS,QPL19
CIMS,QASM41
CIMS,QASM50
CIMS,QPL3
CIMS,QPID2
CIMS,QCIMS-BR02
CIMS,QCIMS01
CIMS,QPL26
CIMS,QPL27
CIMS,QPL28
CIMS,QPL29
CMG,QACC1
CMG,QACC11
CMG,QACC20
CMG,QACC31
CMG,QACC28
CMG,QACC29
CMG,QACC3
CMG,QACC30
CMG,QACC5
CMG,QACC6
CMG,QACC9
CRG-ASSY,QCRG29
CRG-ASSY,QCRG31
CRG-ASSY,QCRG9
CRG-ASSY,QCRG21
CRG-ASSY,QCRG3
CRG-ASSY,QCASSY2
CRG-ASSY,QCASSY7
CRG-ASSY,QCASSY4
CRG-ASSY,QCASSY6
CRG-ASSY,QCRG14
CRG-ASSY,QCASSY1
CRG-ASSY,QCASSY8
CRG-ASSY,QCASSY3
CRG-ASSY,QCASSY9
CRG-ASSY,QCRG4
CRG-ASSY,QCRG17
CRG-ASSY,QCRG18
CRG-MFE,QCMFE8
CRG-MFE,QCRG25
CRG-MFE,QCMFE5
CRG-MFE,CQV-CRG-TVM01
CRG-MFE,QCMFE7
CRG-MFE,QCMFE1
CRG-MFE,QCRG24
CRG-MFE,QCMFE11
CRG-MFE,QCRG12
CRG-MFE,QCMFE4
CRG-MFE,QCMFE10
CRG-MFE,QCRG30
CRG-MFE,QCRG28
CRG-MFE,QCRG26
CRG-MFE,QCASSY10
CRG-MFE,QCMFE13
CRG-MFE,QCMFE12
CRG-PEQA,QCMFE14
CRG-PEQA,QCRG19
CRG-PEQA,QCMFE2
CRG-PEQA,QCRG2
CRG-PEQA,QCRG6
CRG-PEQA,QCRG10
CRG-PEQA,QCASSY11
CRG-PEQA,QCPEQA1
CRG-PEQA,QCRG7
CRG-PEQA,QCPEQA3
CRG-PEQA,QCRG23
CRG-PEQA,QCRG32
CRG-PEQA,QCPEQA9
CRG-PEQA,QCPEQA2
CRG-PEQA,QCRG15
CRG-PEQA,QCRG22
CRG-PEQA,QCPEQA4
CRG-PEQA,QCRG20
CRG-PEQA,QCRG33
CRG-PEQA,QCPEQA7
DMT,QDMT15
DMT,QDMT6
DMT,QDMT11
DMT,QDMT5
DMT,QDMT12
DMT,QDMT4
DMT,QDMT16
DMT,QDMT2
DMT,QDMT7
DMT,QDMT3
DMT,QDMT1
DMT,QDMT17
DMT,QDMT14
DMT,QDMT13
DMT,QDMT18
DMT,QDMT19
DMT,QDMT20
FAC,QENV16
FAC,QFAC11
FAC,QFAC8
FAC,QENV10
FAC,QENV6
FAC,QENV9
FAC,QFAC2
FAC,QENV11
FAC,QFAC4
FAC,QENV5
FAC,QENV3
FAC,QFAC6
FAC,QENV2
FAC,ENV13
FAC,QENV15
FAC,QFAC7
FAC,QENV13
FAC,QFAC1
FAC,FAC5
FAC,QFAC5
FAC,QASM20
FAC,QENV13-BR
GIP,QPUR84
GIP,QPUR80
GIP,QPUR63
GIP,QPUR39
GIP,QPUR10
GIP,QPUR72-BR
GIP,QPUR86
GIP,QPUR42
GIP,QPUR85
GIP,QPUR67
GIP,QPUR20
GIP,QPUR69
GIP,QPUR16
GIP,QPUR79
GIP,QPUR51
GIP,QPUR7
GIP,QPUR55
GIP,QPUR14
GIP,QPUR29
GIP,QPUR31
GIP,QPUR98
HRGA,GD3
HRGA,QHR8
HRGA,QHR37
HRGA,QHR31
HRGA,QHR9
HRGA,QHR19
HRGA,QHR22
HRGA,QHR17
HRGA,QHR42
HRGA,QHR5
HRGA,QPL4
HRGA,QHR43
HRGA,QHR35
HRGA,QHR29
HRGA,QHR34
HRGA,QPL9
HRGA,QPL2
HRGA,QHR20
HRGA,QHR33
HRGA,QHR7
HRGA,QHR11
HRGA,QHR2
HRGA,QV-RECEPTION
HRGA,QHR6
HRGA,QPL7
HRGA,QHR23
HRGA,QHR1
HRGA,QHR36
HRGA,QHR25
HRGA,QHR10
HRGA,QHR41
HRGA,QHR32
HRGA,QHR30
HRGA,QHR39
HRGA,QHR24
HRGA,QHR21
HRGA,QHR28
HRGA,QHR18
HRGA,QHR38
HRGA,QHR15
HRGA,QHR40
HRGA,QHR27
HRGA,QHR4
HRGA,QHR16
HRGA,QHR44
IT,IT98
IT,IT96
IT,IT13
IT,IT17
IT,IT84
IT,IT68
IT,IT99
IT,IT55
IT,IT69
IT,IT25
IT,IT75
IT,IT26
IT,IT30
IT,IT89
IT,IT62
IT,IT49
Log,QLGF1
Log,QLG7
Log,QLG64
Log,QLG18
Log,QLG13
Log,QLG1
Log,QLG22
Log,QLG6
Log,QLG25
Log,QLG14
Log,QLG24
Log,QLGF4
Log,QLG17
Log,QLG23
Log,QLG4
Log,QLG20
Log,QLG9
Log,QLG12
Log,QLG28
Log,QLG5
Log,PDC79
Log,QLG2
Log,QLG10
Log,QLG21
Log,QLG15
Log,QLG8
Log,TSLOG16
Log,QLGF3
Log,QLGF2
Log,QLG27
Log,QLG16
Log,TSLOG12
Log,QLG29
Log,QLG30
Log,QLG31
Log,QLG33
MFE1,QMFE1
MFE1,QAE3
MFE1,QMFE3
MFE1,QMFE5
MFE1,QMFE6
MFE1,QPDE26
MFE1,QPDE10
MFE1,QMFE12
MFE1,QMFE14
MFE1,QAPR06
MFE1,QAPR07
MFE1,QPDE9
MFE1,QPDE1
MFE1,QMFE2
MFE1,QMFE7
MFE1,QAE2
MFE1,QPDE17
MFE1,QPDE31
MFE1,QMFE4
MFE1,QPDE13
MFE1,QPDE15
MFE1,QPDE14
MFE1,QMFE10
MFE1,QPDE16
MFE1,QPDE19
MFE1,QMFE13
MFE1,QPDE22
MFE2,QAE1
MFE2,QAPR01
MFE2,QAPR03
MFE2,QAPR04
MFE2,QAPR05
MFE2,QCRG11
MFE2,QMFE11
MFE2,QMFE15
MFE2,QMFE16
MFE2,QMFE2-BR01
MFE2,QMFE2-BR02
MFE2,QMFE8
MFE2,QPDE18
MFE2,QPDE5
MFE2,QAPR02
MFE2,QCMFE9
MIP,QASM1
MIP,QASM15
MIP,QASM52
MIP,QPDE3
MIP,QASM59
MIP,QASM60
MIP,QASM61
MO,QMO36
MO,QVMOLD1
MO,QMSD5
MO,QMO39
MO,QMSD9
MO,QMO44
MO,QMSD10
MO,QMO25
MO,QMO45
MO,QMO24
MO,QMO6
MO,QVMOLD3
MO,QMO35
MO,QMO30
MO,QMO42
MO,QMO15
MO,QMO22
MO,QMO17
MO,QVMOLD4
MO,QMO23
MO,QMSD2
MO,QMO13
MO,QMO5
MO,QMO4
MO,QMO34
MO,QMO21
MO,QMO37
MO,QMO33
MO,QMO40
MO,QMSD6
MO,QMO8
MO,QMO31
MO,QMO16
MO,QMO2
MO,QMSD3
MO,QVMOLD2
MO,QMO14
MO,QMO1
MO,QMO41
MO,QMSD1
MO,QMSD12
MO,QMO19
MO,QMO10
MO,QMO26
MO,QMO28
MO,QMO11
MO,QMO32
MO,QMO7
MO,QMO38
MO,QMO18
MO,PCB17
MO,QMO12
MO,QMO27
MO,QMO3
MO,QDMT9
MO,QMO43
MO,QMO29
MO,QMSD4
MO,QMO46
MO,QMO47
MO,QMSD13
MO,QMOLD4
MO,QMO49
MO,QMO48
MO,QMOLD1
MQA1,QMQA1
MQA1,QMQA4
MQA1,QMQA7
MQA1,QMQA8
MQA1,QMQA9
MQA1,QMQA11
MQA1,QMQA12
MQA1,QMQA13
MQA1,QMQA15
MQA1,QMQA16
MQA1,QMQA18
MQA1,QMQA19
MQA1,QMQA23
MQA1,QMQA24
MQA1,QMQA25
MQA1,QMQA26
MQA1,QMQA29
MQA1,QMQA31
MQA1,QMQA32
MQA1,QMQA33
MQA1,QMQA34
MQA1,QMQA35
MQA1,QMQA36
MQA1,QMQA37
MQA1,QMQA38
MQA1,QMQA39
MQA1,QMQA40
MQA1,QMQA41
MQA1,QMQAS5
MQA1,QMQAS7
MQA1,QMQAS9
MQA1,QCMFE3
MQA1,QPDE25
MQA1,QPDE27
MQA1,QPEMECH45
MQA1,QCASSY5
MQA1,QMQA46
MQA1,QMQA47
MQA1,QMQA48
MQA1,QMQA49
MQA1,QMQA53
MQA1,QMQA54
MQA1,QMQA55
MQA1,QMQA56
MQA1,QMQA57
MQA1,QMQA58
MQA1,QMQA59
MQA2,QMQA2
MQA2,QMQA42
MQA2,QMQAS2-BR
MQA2,QMQAS3
MQA2,QMQAS4
MQA2,QMQA5
MQA2,QMQA6
MQA2,QMQAS8
MQA2,QMQAS10
MQA2,QMQAS11
MQA2,QMQA14
MQA2,QMQA17
MQA2,QMQA21
MQA2,QMQA22
MQA2,QMQA45
MQA2,QMQA50
MQA2,QMQA51
MQA2,QMQA52
MQA2,QMQA60
MQA2,QMQA61
MQA2,QMQA3
OQA,QMQA30
OQA,QPQAS6
OQA,QMQA20
OQA,QPQA26
OQA,QPQA15
OQA,QPQA2
OQA,QMQAS6
OQA,QOQA1
OQA,QOQA2
OQA,QOQA3
OQA,QOQA4
PAE,QPAE16
PAE,QPAE10
PAE,QPAE12
PAE,QPAE14
PAE,QPAE3
PAE,QPAE2
PAE,QPAE13
PAE,QPAE4
PAE,QPAE15
PAE,QPAE20
PAE,QPAE5
PAE,QPAE11
PAE,QPAE1
PAE,QPAE18
PAE,QPAE8
PAE,QPAE17
PAE,QPAE19
PCB,QPCB16
PCB,QPCB7
PCB,QPCB4
PCB,QPCB14
PCB,QPCB3
PCB,QPCB9
PCB,QPCB10
PCB,QPCB12
PCB,QPCB11
PCB,QPCB15
PCB,QPCB8
PCB,QPCB6
PCB,QPCB18
PCB,QPCB2
PCB,QPCB19
PCB,QPCB5
PCB,QPCB21
PCB,QPCB20
PDC1,QPDC40
PDC1,QPDC46
PDC1,QPDC64
PDC1,QPDC48
PDC1,QPDC4
PDC1,QPDC55
PDC1,QPDCF14
PDC1,QPDC72
PDC1,QPDC18
PDC1,QPDC57
PDC1,QMQA28
PDC1,QPDC87
PDC1,QPDC73
PDC1,QPDC62
PDC1,QPDCF19
PDC1,QPDC59
PDC1,QPDC16
PDC1,QPDC17
PDC1,QPDC3
PDC1,QPDCF16
PDC1,QPDC74
PDC1,QPDC53
PDC1,QPDC8
PDC1,QPDC13
PDC1,QPDC11
PDC1,QPDC47
PDC1,QPDC37
PDC1,QPDC44
PDC1,QPDC58
PDC1,QPDCF15
PDC1,QPDC56
PDC1,QPDC14
PDC1,QPDC45
PDC1,QPDC86
PDC1,QPDC75
PDC1,QPDC29
PDC1,QPDCF23
PDC1,QPDC1
PDC1,QPDC23
PDC1,QPDC41
PDC1,QPDC2
PDC1,QPDC71
PDC1,QPDC50
PDC1,QPDCF18
PDC1,QPDC25
PDC1,QPDC84
PDC1,QPDC85
PDC1,QPDC22
PDC1,QPDC88
PDC1,QPDC89
PDC1,QPDC28
PDC2,QPDC20
PDC2,QPDC26
PDC2,QPDC27
PDC2,QPDC6
PDC2,QPDC30
PDC2,QPDC31
PDC2,QPDC32
PDC2,QPDC33
PDC2,QPDC34
PDC2,QPDC35
PDC2,QPDC36
PDC2,QPDC38
PDC2,QPDC39
PDC2,QPDC42
PDC2,QPDC43
PDC2,QPDC49
PDC2,QPDC52
PDC2,QPDC65
PDC2,QPDC66
PDC2,QPDC67
PDC2,QPDC68
PDC2,QPDC69
PDC2,QPDC76
PDC2,QPDCF10
PDC2,QPDCF11
PDC2,QPDCF12
PDC2,QPDCF13
PDC2,QPDCF17
PDC2,QPDCF2
PDC2,QPDCF20
PDC2,QPDCF21
PDC2,QPDCF22
PDC2,QPDCF24
PDC2,QPDCF25
PDC2,QPDCF3
PDC2,QPDCF4
PDC2,QPDCF5
PDC2,QPDCF6
PDC2,QPDCF7
PDC2,QPDCF9
PDC2,QPDCS12
PDC2,QPDCS13
PDC2,QPDCS14
PDC2,QPDCS15
PDC2,QPDCS16
PDC2,QPDCS17
PDC2,QPDCS18
PDC2,QPDCS19
PDC2,QPDCS20
PDC2,QPDCS21
PDC2,QPDCS22
PDC2,QPDCS24
PDC2,QPDCS25
PDC2,QPDCS26
PDC2,QPDCS27
PDC2,QPDCS28
PDC2,QPDCS29
PDC2,QPDCS3
PDC2,QPDCS30
PDC2,QPDCS4
PDC2,QPDCS5
PDC2,QPDCS6
PDC2,QPDCS9
PDC2,QPDC77
PDC2,QPDC78
PDC2,QPDC79
PDC2,QPDC80
PDC2,QPDC81
PDC2,QPDC82
PDC2,QPDC83
PE1,CQV-RGS2
PE1,CQV-TVM
PE1,QMQA10
PE1,QPE1-BR01
PE1,QPE1-BR02
PE1,QPEEL24
PE1,QPEMECH1
PE1,QPEMECH10
PE1,QPEMECH13
PE1,QPEMECH14
PE1,QPEMECH15
PE1,QPEMECH16
PE1,QPEMECH19
PE1,QPEMECH2
PE1,QPEMECH22
PE1,QPEMECH23
PE1,QPEMECH25
PE1,QPEMECH26
PE1,QPEMECH27
PE1,QPEMECH28
PE1,QPEMECH29
PE1,QPEMECH3
PE1,QPEMECH31
PE1,QPEMECH33
PE1,QPEMECH34
PE1,QPEMECH35
PE1,QPEMECH36
PE1,QPEMECH37
PE1,QPEMECH39
PE1,QPEMECH4
PE1,QPEMECH40
PE1,QPEMECH41
PE1,QPEMECH42
PE1,QPEMECH43
PE1,QPEMECH44
PE1,QPEMECH7
PE1,QPEMECH47
PE1,QPEMECH49
PE1,QPEMECH5
PE1,QPEMECH50
PE1,QPEMECH32
PE1,QPEMECH51
PE1,QPEMECH52
PE1,QPEMECH53
PE1,QPEMECH54
PE1,QPEMECH55
PE1,QPEMECH56
PE1,QPEMECH6
PE1,QPEMECH60
PE1,QPEMECH61
PE1,QPEMECH62
PE1,QPEMECH63
PE1,QPEMECH8
PE1,QPEMECH9
PE1,QPEMECH21
PE1,QPEMECH46
PE1,QPEMECH64
PE1,QPE-SP1
PE1,QPE-SP10
PE1,QPE-SP11
PE1,QPE-SP12
PE1,QPE-SP13
PE1,QPE-SP14
PE1,QPE-SP15
PE1,QPE-SP16
PE1,QPE-SP17
PE1,QPE-SP18
PE1,QPE-SP2
PE1,QPE-SP3
PE1,QPE-SP4
PE1,QPE-SP5
PE1,QPE-SP6
PE1,QPE-SP7
PE1,QPE-SP8
PE1,QPE-SP9
PE1,QPEMECH58
PE1,QPEMECH57
PE2,QPEEL11
PE2,QPEEL19
PE2,QPEEL5
PE2,QPEEL39
PE2,QPEEL25
PE2,QPEEL22
PE2,QPEEL18
PE2,QPEEL40
PE2,QPEEL2
PE2,QPEEL21
PE2,QPEEL13
PE2,QPEEL7
PE2,QPEEL8
PE2,QPEMECH11
PE2,QPEEL12
PE2,QPEEL34
PE2,QPEEL17
PE2,QPEEL3
PE2,QPEEL31
PE2,QPEEL41
PE2,QPEEL38
PE2,QPEEL9
PE2,QPEEL36
PE2,QPEEL33
PE2,QPEEL37
PE2,QPEEL26
PE2,QPEEL10
PE2,QPEEL29
PE2,QPEEL35
PE2,QPEEL1
PE2,QPEEL28
PE2,QPEEL27
PE2,QPEEL15
PE2,QPEEL14
PE2,QPEEL16
PE2,QPEEL30
PE2,QPEEL23
PE2,QPEEL20
PE2,QPEEL4
PE2,QPEEL42
PE2,QPEEL6
Plan,QPL20
Plan,QLG26
Plan,QPL15
Plan,QPL10
Plan,QPL13
Plan,QPDC10
Plan,QPL5
Plan,QPL1
Plan,QPL21
Plan,QFM2
Plan,QPUR8
Plan,QPL25
Plan,QPDE6
Plan,QPDE11
Plan,QPDE29
Plan,QFM3
PQA,QPQA3
PQA,QPQA1
PQA,CQV-RGS3
PQA,QPQA9
PQA,QPQA24
PQA,QPQA25
PQA,QPQA23
PQA,QPQA19
PQA,QPQA11
PQA,QPQA30
PQA,QPQA8
PQA,QPQA6
PQA,QPQA17
PQA,QPQAS8
PQA,QPQA28
PQA,QPQAS7
PQA,QPQA31
PQA,QPQA27
PQA,QPQA5
PQA,QPQAS5
PQA,QPQA14
PQA,QPQA10
PQA,QPQA18
PQA,QPQA7
PQA,QPQAS4
PQA,QPQAS1
PQA,QPQA16
PQA,QPQA33
PQA,QPQA32
PQA,QPQA34
PQA,QPQA35
PQA,QPQA36
PQA,QPQA37
PQA,QPQA38
PQA,QPQA39
PQA,QPQAS3
PQA,QPQA20
PQA,QPQA21
PUC,NPIS-RE1
PUC,NPIS-RE2
PUC,NPIS-RE4
PUC,NPIS-RE5
PUC,QPUR15
PUC,QPUR18
PUC,QPUR38
PUC,QPUR44
PUC,QPUR64
PUC,QPUR68
PUC,QPUR70
PUC,QPUR75
PUC,QPUR76
PUC,QPUR90
PUR,QPUR12
PUR,QPUR60
PUR,QPUR88
PUR,QPUR77
PUR,QPUR83
PUR,QPUR1
PUR,QPUR17
PUR,QPUR19
PUR,QPUR2
PUR,QPUR24
PUR,QPUR26
PUR,QPUR30
PUR,QPUR34
PUR,QPUR41
PUR,QPUR45
PUR,QPUR46
PUR,QPUR52
PUR,QPUR57
PUR,QPUR59
PUR,QPUR6
PUR,QPUR62
PUR,QPUR9
PUR,QPUR94
PUR,QPUR99
PUR,QPUR96
PUR,QPUR95
PUR,PS9
PUS,QPUR11
PUS,QPUR13
PUS,QPUR21
PUS,QPUR23
PUS,QPUR28
PUS,QPUR36
PUS,QPUR37
PUS,QPUR4
PUS,QPUR40
PUS,QPUR43
PUS,QPUR47
PUS,QPUR48
PUS,QPUR54
PUS,QPUR61
PUS,QPUR87
PUS,QPUR81
PUS,QPUR93
PUS,QPUR100
PUS,QPUR101
Check,MTD01
Check,QPDE2
Check,QACC-TV
Check,QPQA12
CHECK,QPEEL44
CHECK,QLG19
HRGA,CQV-RGS